{
  "x_budget_log": [
    5.194358767962107,
    null
  ],
  "y_log_revenue": [
    5.303304908059076,
    null
  ]
}